subject,trial,y_true,y_pred,proba_left_hand,proba_right_hand
1,0,right_hand,right_hand,0.0166312737178389,0.9833687262821612
1,1,left_hand,left_hand,0.9999152278122336,8.477218776629879e-05
1,2,left_hand,left_hand,0.9943557572482647,0.0056442427517352
1,3,right_hand,right_hand,0.0006890790071625,0.9993109209928376
1,4,right_hand,right_hand,0.0050015747664909,0.994998425233509
1,5,left_hand,left_hand,0.8814000358943449,0.1185999641056551
1,6,left_hand,left_hand,0.7754508380046602,0.2245491619953398
1,7,left_hand,left_hand,0.95346857705162,0.0465314229483799
1,8,right_hand,right_hand,0.2063012138511771,0.7936987861488228
1,9,right_hand,right_hand,0.0010617749889105,0.9989382250110894
1,10,left_hand,left_hand,0.6004967097712369,0.3995032902287631
1,11,left_hand,right_hand,0.1006904259462607,0.8993095740537392
1,12,left_hand,left_hand,0.8896380765513732,0.1103619234486268
1,13,right_hand,right_hand,0.0054703385608536,0.9945296614391465
1,14,left_hand,left_hand,0.903513859511434,0.096486140488566
1,15,right_hand,right_hand,0.0083030726576401,0.9916969273423598
1,16,right_hand,left_hand,0.9913801225143998,0.0086198774856002
1,17,left_hand,left_hand,0.577303943916744,0.422696056083256
1,18,right_hand,left_hand,0.9156301736208522,0.0843698263791477
1,19,left_hand,left_hand,0.9896039808656032,0.0103960191343968
1,20,right_hand,left_hand,0.9882496083832736,0.0117503916167265
1,21,right_hand,left_hand,0.7532558280975726,0.2467441719024274
1,22,right_hand,right_hand,0.3103051019913369,0.6896948980086631
1,23,left_hand,right_hand,0.1635797578691801,0.8364202421308199
1,24,left_hand,left_hand,0.8206983093304703,0.1793016906695296
1,25,left_hand,right_hand,0.0201691336655153,0.9798308663344848
1,26,right_hand,right_hand,0.0043313317778851,0.9956686682221147
1,27,left_hand,left_hand,0.7280891579046744,0.2719108420953256
1,28,left_hand,left_hand,0.9989723096195332,0.0010276903804668
1,29,right_hand,left_hand,0.6381181078742241,0.3618818921257759
1,30,left_hand,left_hand,0.9917554508915646,0.0082445491084354
1,31,left_hand,left_hand,0.8767502729719833,0.1232497270280167
1,32,right_hand,right_hand,0.1185511214601969,0.881448878539803
1,33,left_hand,right_hand,0.2814947091604096,0.7185052908395904
1,34,right_hand,right_hand,0.0083814193761341,0.991618580623866
1,35,right_hand,left_hand,0.9942279175699514,0.0057720824300485
1,36,left_hand,left_hand,0.8259251295101651,0.1740748704898349
1,37,right_hand,left_hand,0.950396156302451,0.0496038436975489
1,38,left_hand,left_hand,0.933333419672226,0.0666665803277739
1,39,left_hand,left_hand,0.9440834313619504,0.0559165686380495
1,40,right_hand,right_hand,0.0293103217872621,0.970689678212738
1,41,left_hand,left_hand,0.9958666505642072,0.0041333494357929
1,42,right_hand,right_hand,0.0002482889460289,0.9997517110539712
1,43,right_hand,right_hand,0.4933946550798735,0.5066053449201264
1,44,right_hand,left_hand,0.6318260755047098,0.3681739244952902
1,45,right_hand,right_hand,0.0040340197340724,0.9959659802659276
1,46,right_hand,left_hand,0.9006305571835374,0.0993694428164626
1,47,left_hand,left_hand,0.9927554073895974,0.0072445926104025
1,48,right_hand,right_hand,0.0387057414552408,0.9612942585447593
1,49,left_hand,right_hand,0.2469815137360145,0.7530184862639855
1,50,left_hand,right_hand,0.1673107620600178,0.8326892379399822
1,51,left_hand,right_hand,0.3666070101623007,0.6333929898376993
1,52,right_hand,right_hand,0.1106979511752069,0.889302048824793
1,53,right_hand,right_hand,0.0047742234422827,0.9952257765577172
1,54,left_hand,left_hand,0.9912159542360728,0.0087840457639271
1,55,right_hand,right_hand,0.0361486732759761,0.9638513267240238
1,56,left_hand,left_hand,0.5685588636913042,0.4314411363086958
1,57,right_hand,right_hand,0.1711176075609916,0.8288823924390084
1,58,left_hand,left_hand,0.9871506569407392,0.0128493430592606
1,59,right_hand,right_hand,0.0309438885688276,0.9690561114311724
1,60,right_hand,right_hand,0.0420995678062605,0.9579004321937394
1,61,right_hand,right_hand,0.0011560254111044,0.9988439745888956
1,62,left_hand,right_hand,0.1724484744613325,0.8275515255386675
1,63,left_hand,left_hand,0.9992237672603675,0.0007762327396324
1,64,right_hand,right_hand,0.2714682542813293,0.7285317457186706
1,65,left_hand,left_hand,0.912054025638209,0.0879459743617909
1,66,right_hand,left_hand,0.8697724290266121,0.1302275709733878
1,67,right_hand,right_hand,0.1068325907700605,0.8931674092299394
1,68,left_hand,left_hand,0.9136716343763248,0.0863283656236752
1,69,left_hand,left_hand,0.9804830282219522,0.0195169717780477
1,70,right_hand,right_hand,0.3120194492523037,0.6879805507476963
1,71,left_hand,left_hand,0.9954923727514484,0.0045076272485514
1,72,right_hand,left_hand,0.987852234941872,0.0121477650581278
1,73,left_hand,left_hand,0.7897644116421174,0.2102355883578825
1,74,left_hand,left_hand,0.9995550608870551,0.0004449391129449
1,75,right_hand,left_hand,0.5215816337590782,0.4784183662409219
1,76,left_hand,left_hand,0.7418527315913326,0.2581472684086674
1,77,left_hand,left_hand,0.9890395024606944,0.0109604975393055
1,78,left_hand,left_hand,0.878830956623695,0.1211690433763049
1,79,right_hand,right_hand,0.0001624899094859,0.999837510090514
1,80,right_hand,left_hand,0.818349905647799,0.1816500943522009
1,81,right_hand,left_hand,0.7025581207172589,0.2974418792827411
1,82,right_hand,right_hand,1.1014992163271842e-05,0.9999889850078368
1,83,left_hand,left_hand,0.99941127463047,0.0005887253695301
1,84,right_hand,left_hand,0.6499543561338658,0.3500456438661342
1,85,right_hand,right_hand,0.222941950792041,0.777058049207959
1,86,right_hand,right_hand,0.0961745014519737,0.9038254985480264
1,87,left_hand,left_hand,0.7245677702752142,0.2754322297247858
1,88,left_hand,right_hand,0.0213739266414473,0.9786260733585528
1,89,left_hand,right_hand,0.3038936793642901,0.6961063206357099
1,90,left_hand,left_hand,0.9787525139199535,0.0212474860800463
1,91,left_hand,left_hand,0.6090878293719824,0.3909121706280176
1,92,right_hand,right_hand,0.0024592077972671,0.9975407922027328
1,93,left_hand,left_hand,0.8234900936818599,0.1765099063181401
1,94,right_hand,right_hand,0.00014548399946,0.99985451600054
1,95,right_hand,right_hand,0.294575424756915,0.705424575243085
1,96,left_hand,left_hand,0.9791686765960964,0.0208313234039034
1,97,right_hand,right_hand,0.0990309859863145,0.9009690140136856
1,98,left_hand,right_hand,0.4744993547133818,0.5255006452866182
1,99,left_hand,right_hand,0.412236609930513,0.587763390069487
1,100,right_hand,right_hand,0.4303818196899062,0.5696181803100938
1,101,right_hand,right_hand,0.0002571520139381,0.9997428479860618
1,102,right_hand,right_hand,0.000267999929114,0.999732000070886
1,103,left_hand,left_hand,0.9573717798979556,0.0426282201020444
1,104,right_hand,right_hand,2.9974951472055977e-06,0.9999970025048528
1,105,right_hand,right_hand,0.0271474821362877,0.9728525178637124
1,106,right_hand,right_hand,0.0089303018716394,0.9910696981283604
1,107,right_hand,left_hand,0.7955733008308019,0.2044266991691981
1,108,right_hand,right_hand,0.0084657784394766,0.9915342215605234
1,109,left_hand,left_hand,0.8211209646005136,0.1788790353994863
1,110,right_hand,right_hand,0.0413921100845138,0.9586078899154862
1,111,right_hand,left_hand,0.8515014606154415,0.1484985393845584
1,112,left_hand,left_hand,0.960729673155448,0.0392703268445521
1,113,left_hand,left_hand,0.9838979677995844,0.0161020322004156
1,114,left_hand,left_hand,0.9993783833353008,0.0006216166646993
1,115,left_hand,left_hand,0.9879929022799112,0.0120070977200888
1,116,left_hand,left_hand,0.9862094244309584,0.0137905755690417
1,117,left_hand,left_hand,0.9999724561533728,2.754384662709016e-05
1,118,right_hand,right_hand,0.0721846110218187,0.9278153889781812
1,119,left_hand,left_hand,0.9959769822237786,0.0040230177762213
1,120,left_hand,left_hand,0.8955648045198734,0.1044351954801265
1,121,right_hand,left_hand,0.5870093642080733,0.4129906357919267
1,122,right_hand,left_hand,0.955186167452182,0.0448138325478178
1,123,left_hand,left_hand,0.8098291594168134,0.1901708405831866
1,124,right_hand,right_hand,0.0061951480269444,0.9938048519730556
1,125,right_hand,right_hand,0.383864961419437,0.616135038580563
1,126,right_hand,left_hand,0.97142575056736,0.0285742494326398
1,127,right_hand,right_hand,0.1122544951681406,0.8877455048318593
1,128,right_hand,right_hand,0.0587857348635134,0.9412142651364864
1,129,left_hand,left_hand,0.9735582595138166,0.0264417404861833
1,130,left_hand,left_hand,0.9941792388284876,0.0058207611715124
1,131,left_hand,left_hand,0.7462524545119547,0.2537475454880453
1,132,left_hand,right_hand,0.2810177800077741,0.7189822199922259
1,133,right_hand,right_hand,0.027035346063895,0.972964653936105
1,134,right_hand,right_hand,0.0008640835734721,0.999135916426528
1,135,left_hand,left_hand,0.9081956011178174,0.0918043988821826
1,136,left_hand,left_hand,0.990744156961762,0.0092558430382379
1,137,left_hand,left_hand,0.6264492747490769,0.3735507252509231
1,138,right_hand,left_hand,0.9660691930957832,0.0339308069042166
1,139,right_hand,right_hand,0.283210218762293,0.716789781237707
1,140,left_hand,right_hand,0.3810700853203583,0.6189299146796416
1,141,left_hand,right_hand,0.1602548026546179,0.8397451973453821
1,142,right_hand,right_hand,0.0026253948386726,0.9973746051613274
1,143,left_hand,left_hand,0.972289459356755,0.0277105406432449
2,0,left_hand,left_hand,0.6820212303491051,0.3179787696508949
2,1,right_hand,right_hand,0.2643476003083148,0.7356523996916852
2,2,right_hand,right_hand,0.3896117131907681,0.6103882868092319
2,3,left_hand,left_hand,0.6944240688346752,0.3055759311653247
2,4,right_hand,right_hand,0.0097940058744173,0.9902059941255826
2,5,left_hand,right_hand,0.1365018730932483,0.8634981269067517
2,6,right_hand,left_hand,0.9027149270945792,0.0972850729054207
2,7,right_hand,right_hand,0.3860454206195272,0.6139545793804728
2,8,left_hand,left_hand,0.7350184656113614,0.2649815343886386
2,9,right_hand,right_hand,0.3315769962873643,0.6684230037126356
2,10,left_hand,left_hand,0.9258401433944698,0.0741598566055301
2,11,left_hand,left_hand,0.8301255429001084,0.1698744570998915
2,12,right_hand,right_hand,0.4166945883806056,0.5833054116193944
2,13,left_hand,left_hand,0.7622035438954028,0.2377964561045971
2,14,left_hand,right_hand,0.0979312179404311,0.9020687820595688
2,15,left_hand,right_hand,0.0279976110270625,0.9720023889729374
2,16,left_hand,left_hand,0.9275770705844422,0.0724229294155578
2,17,right_hand,left_hand,0.8664127241249202,0.1335872758750798
2,18,left_hand,right_hand,0.2526618823110571,0.7473381176889429
2,19,right_hand,right_hand,0.1315670338871359,0.868432966112864
2,20,right_hand,left_hand,0.6070420234749072,0.3929579765250927
2,21,left_hand,right_hand,0.036799344290145,0.9632006557098548
2,22,right_hand,left_hand,0.7678944981849629,0.232105501815037
2,23,right_hand,left_hand,0.987909145613544,0.0120908543864558
2,24,right_hand,right_hand,0.0012591307794895,0.9987408692205104
2,25,left_hand,left_hand,0.8283599859685303,0.1716400140314696
2,26,left_hand,left_hand,0.9280630607333854,0.0719369392666146
2,27,right_hand,right_hand,0.2727739639048654,0.7272260360951346
2,28,right_hand,left_hand,0.9879407442577056,0.0120592557422945
2,29,left_hand,right_hand,0.312543472825426,0.687456527174574
2,30,left_hand,right_hand,0.0744463866936512,0.9255536133063488
2,31,left_hand,right_hand,0.148994150165666,0.8510058498343339
2,32,right_hand,left_hand,0.7863608410948417,0.2136391589051582
2,33,right_hand,right_hand,0.0368537930269261,0.9631462069730738
2,34,left_hand,left_hand,0.9451852329421304,0.0548147670578695
2,35,left_hand,left_hand,0.7025129576613758,0.2974870423386241
2,36,left_hand,left_hand,0.7627116657533997,0.2372883342466004
2,37,right_hand,right_hand,0.0323440371934524,0.9676559628065476
2,38,left_hand,left_hand,0.9706266552371438,0.0293733447628562
2,39,right_hand,right_hand,0.0047156243267817,0.9952843756732184
2,40,right_hand,right_hand,0.2080302351224426,0.7919697648775573
2,41,left_hand,left_hand,0.9967543005038224,0.0032456994961776
2,42,right_hand,right_hand,0.4888122410732491,0.5111877589267508
2,43,left_hand,right_hand,0.4249297644375085,0.5750702355624915
2,44,right_hand,left_hand,0.6620214488835698,0.3379785511164301
2,45,right_hand,right_hand,0.0992389875607926,0.9007610124392074
2,46,right_hand,right_hand,0.0190871369116373,0.9809128630883628
2,47,left_hand,left_hand,0.7792986191899233,0.2207013808100767
2,48,left_hand,right_hand,0.0298630334466133,0.9701369665533868
2,49,left_hand,left_hand,0.5918554351713952,0.4081445648286049
2,50,right_hand,left_hand,0.6330034303536536,0.3669965696463464
2,51,left_hand,right_hand,0.4344995467493769,0.565500453250623
2,52,left_hand,left_hand,0.9854893158016156,0.0145106841983844
2,53,right_hand,right_hand,0.1562835601546114,0.8437164398453886
2,54,left_hand,left_hand,0.9314704808776388,0.0685295191223613
2,55,left_hand,left_hand,0.6111955531693729,0.388804446830627
2,56,right_hand,right_hand,0.4341162484366281,0.5658837515633719
2,57,left_hand,right_hand,0.2265881366303023,0.7734118633696977
2,58,right_hand,right_hand,0.0187706076065726,0.9812293923934272
2,59,right_hand,right_hand,0.1060556021826638,0.8939443978173361
2,60,left_hand,left_hand,0.7887982825871025,0.2112017174128975
2,61,right_hand,right_hand,0.1269548026965374,0.8730451973034625
2,62,left_hand,right_hand,0.0428908225853545,0.9571091774146454
2,63,left_hand,left_hand,0.9706039168959956,0.0293960831040043
2,64,right_hand,right_hand,0.2234245375649826,0.7765754624350174
2,65,left_hand,left_hand,0.78205860460248,0.21794139539752
2,66,right_hand,right_hand,0.0305914304495391,0.9694085695504608
2,67,right_hand,right_hand,0.0160898396043257,0.9839101603956742
2,68,right_hand,right_hand,0.0530441049305755,0.9469558950694243
2,69,right_hand,right_hand,0.1260356254218485,0.8739643745781515
2,70,right_hand,right_hand,0.0307810548762119,0.969218945123788
2,71,left_hand,right_hand,0.1353561530691394,0.8646438469308606
2,72,right_hand,left_hand,0.9214606324141152,0.0785393675858848
2,73,left_hand,right_hand,0.0581199751200682,0.9418800248799316
2,74,left_hand,right_hand,0.0124776857998465,0.9875223142001536
2,75,left_hand,left_hand,0.9706095526866626,0.0293904473133373
2,76,right_hand,right_hand,0.1276391442588434,0.8723608557411565
2,77,right_hand,left_hand,0.5112550613590883,0.4887449386409117
2,78,left_hand,right_hand,0.0016883075381816,0.9983116924618184
2,79,right_hand,left_hand,0.9818003653250744,0.0181996346749255
2,80,left_hand,right_hand,0.0237053857591846,0.9762946142408152
2,81,right_hand,right_hand,0.2548315492111777,0.7451684507888223
2,82,left_hand,left_hand,0.9648046446292584,0.0351953553707415
2,83,right_hand,right_hand,0.1874464531460793,0.8125535468539207
2,84,right_hand,left_hand,0.7669120651782624,0.2330879348217376
2,85,right_hand,left_hand,0.9334040845751406,0.0665959154248594
2,86,left_hand,left_hand,0.61781767217634,0.3821823278236601
2,87,left_hand,left_hand,0.998417201895359,0.0015827981046409
2,88,right_hand,left_hand,0.9825126991989726,0.0174873008010274
2,89,left_hand,right_hand,0.047749026289621,0.9522509737103788
2,90,right_hand,right_hand,0.132236128410799,0.867763871589201
2,91,right_hand,right_hand,0.3812025267377289,0.6187974732622711
2,92,left_hand,left_hand,0.7515271885225765,0.2484728114774234
2,93,left_hand,left_hand,0.8843931616682413,0.1156068383317586
2,94,right_hand,left_hand,0.6635206730029837,0.3364793269970163
2,95,left_hand,left_hand,0.9964095702122968,0.003590429787703
2,96,right_hand,right_hand,0.40372280071633,0.59627719928367
2,97,left_hand,left_hand,0.9521240793177402,0.0478759206822597
2,98,left_hand,right_hand,0.0871209992853012,0.9128790007146989
2,99,right_hand,left_hand,0.8560548768605971,0.1439451231394029
2,100,left_hand,left_hand,0.8180758171156085,0.1819241828843914
2,101,left_hand,left_hand,0.9711587798089434,0.0288412201910566
2,102,left_hand,right_hand,0.0277667526261913,0.9722332473738088
2,103,right_hand,left_hand,0.9580841618021966,0.0419158381978034
2,104,right_hand,left_hand,0.960482670143578,0.039517329856422
2,105,right_hand,left_hand,0.6048996042521011,0.3951003957478989
2,106,right_hand,right_hand,0.2037389414033587,0.7962610585966413
2,107,left_hand,right_hand,0.2057567951776745,0.7942432048223255
2,108,right_hand,left_hand,0.7102902654897877,0.2897097345102123
2,109,right_hand,left_hand,0.9773693798665686,0.0226306201334314
2,110,right_hand,left_hand,0.9991636045093,0.0008363954906999
2,111,left_hand,left_hand,0.9576648460046888,0.042335153995311
2,112,left_hand,right_hand,0.0031755361119349,0.996824463888065
2,113,left_hand,left_hand,0.9737017760697518,0.0262982239302482
2,114,left_hand,right_hand,0.088596796250566,0.911403203749434
2,115,left_hand,left_hand,0.6203382734064806,0.3796617265935193
2,116,right_hand,left_hand,0.8611350566039679,0.138864943396032
2,117,left_hand,left_hand,0.9480666686868634,0.0519333313131365
2,118,right_hand,right_hand,0.4233661305294887,0.5766338694705113
2,119,right_hand,right_hand,0.1405847401488754,0.8594152598511245
2,120,left_hand,right_hand,0.1020376340182127,0.8979623659817872
2,121,right_hand,left_hand,0.8227830410698102,0.1772169589301898
2,122,left_hand,right_hand,0.0472653121715653,0.9527346878284346
2,123,left_hand,right_hand,0.0690426311709113,0.9309573688290886
2,124,right_hand,left_hand,0.9913281403523208,0.0086718596476791
2,125,right_hand,right_hand,0.2628774183600791,0.7371225816399208
2,126,right_hand,left_hand,0.527440581018068,0.472559418981932
2,127,left_hand,right_hand,0.3542999838174014,0.6457000161825985
2,128,right_hand,left_hand,0.7987612840809653,0.2012387159190347
2,129,right_hand,right_hand,0.0463117855104889,0.953688214489511
2,130,right_hand,left_hand,0.970080311930006,0.029919688069994
2,131,right_hand,right_hand,0.3900754959920128,0.6099245040079871
2,132,right_hand,left_hand,0.969536356862635,0.030463643137365
2,133,left_hand,left_hand,0.6472436448687815,0.3527563551312185
2,134,right_hand,right_hand,0.0461871385641551,0.9538128614358448
2,135,right_hand,right_hand,0.0332855905659141,0.9667144094340858
2,136,left_hand,left_hand,0.7188450168462235,0.2811549831537764
2,137,left_hand,left_hand,0.8790848176078754,0.1209151823921246
2,138,left_hand,right_hand,0.026632422349624,0.973367577650376
2,139,left_hand,left_hand,0.982910624429756,0.0170893755702439
2,140,left_hand,left_hand,0.8516412193172687,0.1483587806827312
2,141,left_hand,left_hand,0.8671834943137764,0.1328165056862236
2,142,right_hand,left_hand,0.9362765681119938,0.0637234318880062
2,143,left_hand,left_hand,0.5649380733373395,0.4350619266626606
3,0,left_hand,left_hand,0.9791137210156724,0.0208862789843275
3,1,right_hand,right_hand,0.0309624128504157,0.9690375871495842
3,2,right_hand,right_hand,0.1749778718380827,0.8250221281619172
3,3,left_hand,left_hand,0.5478610120570528,0.4521389879429471
3,4,right_hand,right_hand,0.0407996468679301,0.95920035313207
3,5,left_hand,left_hand,0.9714066127004838,0.0285933872995162
3,6,right_hand,right_hand,0.2097727848806472,0.7902272151193528
3,7,right_hand,left_hand,0.524289514320472,0.475710485679528
3,8,left_hand,left_hand,0.9839298334907554,0.0160701665092446
3,9,right_hand,right_hand,0.1447539337924143,0.8552460662075857
3,10,left_hand,left_hand,0.5892858409998083,0.4107141590001916
3,11,left_hand,left_hand,0.5958850495541714,0.4041149504458285
3,12,right_hand,right_hand,0.0491242704454472,0.9508757295545528
3,13,left_hand,left_hand,0.8464689079629004,0.1535310920370995
3,14,left_hand,left_hand,0.9139025226737528,0.0860974773262471
3,15,left_hand,left_hand,0.9990681282722916,0.0009318717277084
3,16,left_hand,right_hand,0.0953326083692678,0.9046673916307322
3,17,right_hand,right_hand,0.0039232565722691,0.9960767434277308
3,18,left_hand,left_hand,0.6591638155540408,0.3408361844459592
3,19,right_hand,right_hand,0.0095612033094208,0.9904387966905792
3,20,right_hand,right_hand,0.1164747030673539,0.883525296932646
3,21,left_hand,left_hand,0.9915597760532168,0.0084402239467832
3,22,right_hand,right_hand,0.0007886549708043,0.9992113450291956
3,23,right_hand,right_hand,0.0752206796355557,0.9247793203644442
3,24,right_hand,left_hand,0.9581113598762988,0.0418886401237011
3,25,left_hand,left_hand,0.9995215620800854,0.0004784379199146
3,26,left_hand,left_hand,0.9886289437681864,0.0113710562318135
3,27,right_hand,left_hand,0.8107436277864507,0.1892563722135493
3,28,right_hand,left_hand,0.9145746896298006,0.0854253103701994
3,29,left_hand,left_hand,0.9777470478287996,0.0222529521712002
3,30,left_hand,left_hand,0.9985211154742488,0.0014788845257512
3,31,left_hand,left_hand,0.9875435575492704,0.0124564424507297
3,32,right_hand,left_hand,0.8170481976683795,0.1829518023316204
3,33,right_hand,left_hand,0.8948272733020275,0.1051727266979725
3,34,left_hand,left_hand,0.9748982996101142,0.0251017003898857
3,35,left_hand,left_hand,0.9544222052061364,0.0455777947938635
3,36,left_hand,left_hand,0.9035879936528424,0.0964120063471577
3,37,right_hand,right_hand,0.0015483431231847,0.9984516568768153
3,38,left_hand,left_hand,0.9800369838078484,0.0199630161921516
3,39,right_hand,left_hand,0.6593785317602219,0.3406214682397781
3,40,right_hand,right_hand,0.1688619447217901,0.8311380552782098
3,41,left_hand,left_hand,0.9951282058962672,0.0048717941037328
3,42,right_hand,right_hand,0.0196886058443254,0.9803113941556746
3,43,left_hand,left_hand,0.9755452359426396,0.0244547640573604
3,44,right_hand,right_hand,0.1307063623615403,0.8692936376384597
3,45,right_hand,right_hand,0.0042376556282771,0.9957623443717228
3,46,right_hand,right_hand,0.1741362210466226,0.8258637789533774
3,47,left_hand,left_hand,0.989608454717681,0.0103915452823189
3,48,left_hand,right_hand,0.2710739417056285,0.7289260582943715
3,49,left_hand,left_hand,0.9823566347604,0.0176433652395998
3,50,right_hand,right_hand,0.0164292584854993,0.9835707415145006
3,51,left_hand,left_hand,0.93654383987599,0.0634561601240098
3,52,left_hand,left_hand,0.6340286340651967,0.3659713659348033
3,53,right_hand,right_hand,0.1050007826526099,0.8949992173473901
3,54,left_hand,left_hand,0.6883805191349743,0.3116194808650256
3,55,left_hand,left_hand,0.6471743309033396,0.3528256690966603
3,56,right_hand,right_hand,0.0359070039636074,0.9640929960363924
3,57,left_hand,left_hand,0.7624718418309615,0.2375281581690384
3,58,right_hand,right_hand,0.0069238161368994,0.9930761838631006
3,59,right_hand,right_hand,0.0004899426834548,0.9995100573165452
3,60,left_hand,right_hand,0.3522950229446827,0.6477049770553173
3,61,right_hand,right_hand,0.0098825109550086,0.9901174890449912
3,62,left_hand,left_hand,0.9819432005700096,0.0180567994299904
3,63,left_hand,left_hand,0.6707866650043071,0.3292133349956929
3,64,right_hand,right_hand,0.0035765480973394,0.9964234519026606
3,65,left_hand,right_hand,0.1919697364581334,0.8080302635418666
3,66,right_hand,right_hand,0.000463928476587,0.999536071523413
3,67,right_hand,right_hand,0.0199264658666643,0.9800735341333356
3,68,right_hand,right_hand,0.0128592064232974,0.9871407935767026
3,69,right_hand,right_hand,0.0103678351992884,0.9896321648007116
3,70,right_hand,right_hand,0.0003956412629657,0.9996043587370342
3,71,left_hand,left_hand,0.7277608192015207,0.2722391807984793
3,72,right_hand,right_hand,0.1179107347999607,0.8820892652000393
3,73,left_hand,left_hand,0.9884466469404044,0.0115533530595956
3,74,left_hand,left_hand,0.9906013101021092,0.0093986898978908
3,75,left_hand,left_hand,0.9286671815274266,0.0713328184725734
3,76,right_hand,right_hand,0.0069924834900252,0.9930075165099748
3,77,right_hand,right_hand,0.0345610767994414,0.9654389232005586
3,78,left_hand,left_hand,0.9434490979700196,0.0565509020299804
3,79,right_hand,right_hand,0.1442225251064061,0.8557774748935939
3,80,left_hand,left_hand,0.992722685093086,0.0072773149069141
3,81,right_hand,right_hand,0.0989721812420382,0.9010278187579618
3,82,left_hand,left_hand,0.9972284140057812,0.0027715859942187
3,83,right_hand,right_hand,0.4762246284405645,0.5237753715594354
3,84,right_hand,left_hand,0.7152873026489444,0.2847126973510556
3,85,right_hand,left_hand,0.749542682213021,0.250457317786979
3,86,left_hand,left_hand,0.8909939643277921,0.1090060356722078
3,87,left_hand,left_hand,0.6675290605760348,0.3324709394239652
3,88,right_hand,right_hand,0.0020336145597819,0.997966385440218
3,89,left_hand,right_hand,0.2877165793133061,0.7122834206866939
3,90,right_hand,right_hand,0.0214695896660992,0.9785304103339008
3,91,right_hand,right_hand,0.0008525620496945,0.9991474379503056
3,92,left_hand,right_hand,0.0649293526986106,0.9350706473013892
3,93,left_hand,left_hand,0.6244322653104215,0.3755677346895785
3,94,right_hand,right_hand,0.0169715545131748,0.9830284454868252
3,95,left_hand,left_hand,0.8899030223921881,0.1100969776078118
3,96,right_hand,left_hand,0.6191667926539095,0.3808332073460904
3,97,left_hand,left_hand,0.9970682912110086,0.0029317087889913
3,98,left_hand,left_hand,0.9988387861278456,0.0011612138721543
3,99,right_hand,left_hand,0.5100115569272372,0.4899884430727628
3,100,left_hand,left_hand,0.5810612278926688,0.4189387721073312
3,101,left_hand,left_hand,0.9929889003781563,0.0070110996218436
3,102,left_hand,left_hand,0.9510201552858591,0.0489798447141408
3,103,right_hand,right_hand,0.2047638188074577,0.7952361811925422
3,104,right_hand,right_hand,0.0437040857609883,0.9562959142390116
3,105,right_hand,left_hand,0.7984441295450637,0.2015558704549363
3,106,right_hand,right_hand,0.0197004641540592,0.9802995358459408
3,107,left_hand,right_hand,0.0269331089322845,0.9730668910677156
3,108,right_hand,right_hand,0.023188745158106,0.976811254841894
3,109,right_hand,right_hand,0.3346789188140769,0.665321081185923
3,110,right_hand,right_hand,0.167582277696869,0.8324177223031309
3,111,left_hand,right_hand,0.342598248052271,0.657401751947729
3,112,left_hand,left_hand,0.5066287058879279,0.4933712941120721
3,113,left_hand,left_hand,0.9971799531973794,0.0028200468026206
3,114,left_hand,left_hand,0.9938024417333052,0.0061975582666949
3,115,left_hand,left_hand,0.99829305123505,0.0017069487649499
3,116,right_hand,right_hand,0.021908653296396,0.978091346703604
3,117,left_hand,left_hand,0.9828111066798652,0.0171888933201347
3,118,right_hand,right_hand,0.023402147841685,0.976597852158315
3,119,right_hand,right_hand,0.4524586768509977,0.5475413231490023
3,120,left_hand,left_hand,0.9413500673972042,0.0586499326027957
3,121,right_hand,left_hand,0.7190756779487978,0.2809243220512022
3,122,left_hand,left_hand,0.8368549461686194,0.1631450538313805
3,123,left_hand,left_hand,0.999972084656184,2.7915343815983367e-05
3,124,right_hand,left_hand,0.5095465444436111,0.4904534555563888
3,125,right_hand,right_hand,0.3997482607489216,0.6002517392510783
3,126,right_hand,right_hand,0.1122008215666379,0.8877991784333621
3,127,left_hand,left_hand,0.937341781755116,0.0626582182448839
3,128,right_hand,right_hand,0.3664252601519822,0.6335747398480178
3,129,right_hand,right_hand,0.042674453155476,0.957325546844524
3,130,right_hand,right_hand,0.0594046833637228,0.9405953166362772
3,131,right_hand,right_hand,0.4388929985731588,0.5611070014268412
3,132,right_hand,right_hand,0.0175168375698678,0.982483162430132
3,133,left_hand,left_hand,0.8028546220036998,0.1971453779963002
3,134,right_hand,right_hand,0.0229070238971748,0.9770929761028252
3,135,right_hand,right_hand,0.3544572323110837,0.6455427676889163
3,136,left_hand,left_hand,0.9742770622175244,0.0257229377824756
3,137,left_hand,left_hand,0.7576331651077702,0.2423668348922297
3,138,left_hand,right_hand,0.3113185022008783,0.6886814977991217
3,139,left_hand,left_hand,0.5070602224229146,0.4929397775770854
3,140,left_hand,right_hand,0.1098494314633897,0.8901505685366102
3,141,left_hand,left_hand,0.6727210336876606,0.3272789663123394
3,142,right_hand,right_hand,0.2854489191690189,0.7145510808309811
3,143,left_hand,left_hand,0.6313701451582946,0.3686298548417054
4,0,left_hand,right_hand,0.3495561028065218,0.6504438971934782
4,1,left_hand,left_hand,0.9815308447549788,0.0184691552450211
4,2,left_hand,left_hand,0.669929694726633,0.330070305273367
4,3,right_hand,right_hand,0.4553022508600738,0.5446977491399262
4,4,left_hand,left_hand,0.971931460942448,0.0280685390575519
4,5,left_hand,left_hand,0.9564747118542284,0.0435252881457714
4,6,right_hand,left_hand,0.5993499410864571,0.4006500589135429
4,7,right_hand,left_hand,0.5572010549717956,0.4427989450282043
4,8,right_hand,right_hand,0.0019762712073568,0.9980237287926432
4,9,left_hand,left_hand,0.9667765813107864,0.0332234186892137
4,10,right_hand,right_hand,0.097726232984895,0.902273767015105
4,11,right_hand,right_hand,0.0458267431974285,0.9541732568025716
4,12,left_hand,left_hand,0.8583949020124235,0.1416050979875764
4,13,left_hand,left_hand,0.9970514698657394,0.0029485301342605
4,14,right_hand,right_hand,0.0649207469199989,0.9350792530800012
4,15,right_hand,right_hand,0.0663527517964486,0.9336472482035514
4,16,left_hand,left_hand,0.9891690951700196,0.0108309048299802
4,17,left_hand,left_hand,0.8390959530032387,0.1609040469967612
4,18,right_hand,left_hand,0.9969157589881408,0.0030842410118593
4,19,right_hand,right_hand,0.1184800113150998,0.8815199886849001
4,20,right_hand,left_hand,0.9975097792896946,0.0024902207103053
4,21,left_hand,right_hand,0.0246732890449397,0.9753267109550604
4,22,left_hand,left_hand,0.96315460393624,0.03684539606376
4,23,right_hand,right_hand,0.1778187035828964,0.8221812964171036
4,24,right_hand,right_hand,0.2427194662663478,0.7572805337336521
4,25,right_hand,right_hand,0.0045831765711438,0.9954168234288562
4,26,left_hand,left_hand,0.5187038510600097,0.4812961489399903
4,27,right_hand,right_hand,0.220622880120473,0.779377119879527
4,28,left_hand,left_hand,0.9591433001301028,0.0408566998698972
4,29,left_hand,right_hand,0.3836078111143801,0.6163921888856199
4,30,left_hand,right_hand,0.4638902655715425,0.5361097344284574
4,31,right_hand,right_hand,0.1452912569253657,0.8547087430746343
4,32,left_hand,right_hand,0.3410238296128229,0.658976170387177
4,33,left_hand,right_hand,0.1979355468892045,0.8020644531107954
4,34,right_hand,right_hand,0.0077029982027763,0.9922970017972236
4,35,left_hand,left_hand,0.9910855122422056,0.0089144877577943
4,36,left_hand,right_hand,0.1749987585815041,0.8250012414184958
4,37,right_hand,right_hand,0.2632582506441067,0.7367417493558933
4,38,right_hand,right_hand,0.4280811058040289,0.5719188941959711
4,39,left_hand,right_hand,0.0486575656256607,0.9513424343743392
4,40,left_hand,left_hand,0.858404239375838,0.141595760624162
4,41,right_hand,right_hand,0.0532281500843695,0.9467718499156303
4,42,right_hand,right_hand,0.318654515689496,0.681345484310504
4,43,right_hand,right_hand,0.1129949927322182,0.8870050072677818
4,44,left_hand,right_hand,0.4890718807834208,0.5109281192165792
4,45,right_hand,left_hand,0.7970399411892392,0.2029600588107608
4,46,right_hand,right_hand,0.0014670228906881,0.998532977109312
4,47,left_hand,left_hand,0.9404537142934416,0.0595462857065585
4,48,left_hand,left_hand,0.8218122417435747,0.1781877582564253
4,49,right_hand,right_hand,0.406920995393554,0.593079004606446
4,50,right_hand,right_hand,0.1266394147906182,0.8733605852093818
4,51,left_hand,right_hand,0.0055589878011567,0.9944410121988432
4,52,right_hand,right_hand,0.0250558180309068,0.9749441819690932
4,53,left_hand,right_hand,0.0040841779402971,0.9959158220597027
4,54,right_hand,right_hand,0.3460167845536975,0.6539832154463024
4,55,right_hand,left_hand,0.911889302385262,0.0881106976147378
4,56,left_hand,left_hand,0.9552390522939,0.0447609477060999
4,57,right_hand,right_hand,0.0274349713307819,0.972565028669218
4,58,left_hand,left_hand,0.9782825854142262,0.0217174145857738
4,59,left_hand,left_hand,0.642173535822006,0.3578264641779939
4,60,right_hand,left_hand,0.6008104810358712,0.3991895189641288
4,61,left_hand,left_hand,0.7564477348492467,0.2435522651507533
4,62,left_hand,left_hand,0.5891066231823265,0.4108933768176735
4,63,left_hand,right_hand,0.1360212301186759,0.863978769881324
4,64,left_hand,right_hand,0.0015833220079197,0.9984166779920802
4,65,right_hand,right_hand,0.0416940465272682,0.9583059534727316
4,66,left_hand,right_hand,0.4935031391770708,0.5064968608229292
4,67,right_hand,right_hand,0.0243842596779464,0.9756157403220536
4,68,right_hand,right_hand,0.3042331826340537,0.6957668173659463
4,69,left_hand,left_hand,0.8719148133791133,0.1280851866208867
4,70,right_hand,right_hand,0.0021016929710553,0.9978983070289448
4,71,right_hand,right_hand,0.2018546481013737,0.7981453518986262
4,72,right_hand,left_hand,0.6854708680052475,0.3145291319947525
4,73,left_hand,left_hand,0.9849713991786544,0.0150286008213456
4,74,left_hand,left_hand,0.995876611680457,0.0041233883195429
4,75,right_hand,right_hand,0.0227194161369751,0.9772805838630249
4,76,right_hand,right_hand,0.0019801295100025,0.9980198704899974
4,77,left_hand,left_hand,0.7355530910099812,0.2644469089900187
4,78,left_hand,left_hand,0.9915823185738688,0.0084176814261311
4,79,left_hand,left_hand,0.5795322680818291,0.4204677319181709
4,80,right_hand,right_hand,0.0111634555032276,0.9888365444967724
4,81,right_hand,left_hand,0.9690709700298468,0.0309290299701531
4,82,left_hand,right_hand,0.4255859487655273,0.5744140512344726
4,83,left_hand,left_hand,0.927815111825609,0.0721848881743909
4,84,left_hand,left_hand,0.6996881200097631,0.3003118799902368
4,85,right_hand,right_hand,0.0078026571237783,0.9921973428762216
4,86,left_hand,left_hand,0.9180103498019176,0.0819896501980823
4,87,right_hand,right_hand,0.1835149133617434,0.8164850866382566
4,88,right_hand,right_hand,0.1739244339584502,0.8260755660415497
4,89,left_hand,right_hand,0.0013802489502021,0.9986197510497978
4,90,right_hand,left_hand,0.957859136300668,0.0421408636993319
4,91,left_hand,right_hand,0.0210161321014904,0.9789838678985096
4,92,right_hand,right_hand,0.4529613233030172,0.5470386766969828
4,93,right_hand,right_hand,0.0498470815016062,0.9501529184983938
4,94,right_hand,right_hand,0.0059639054361819,0.994036094563818
4,95,left_hand,right_hand,0.0867541348871145,0.9132458651128854
4,96,left_hand,left_hand,0.8266766976292361,0.1733233023707639
4,97,left_hand,left_hand,0.9146875827548596,0.0853124172451404
4,98,right_hand,right_hand,0.3897320201441829,0.610267979855817
4,99,left_hand,right_hand,0.3079258284058084,0.6920741715941916
4,100,left_hand,left_hand,0.664561777139677,0.335438222860323
4,101,right_hand,left_hand,0.9258283209787188,0.0741716790212812
4,102,left_hand,left_hand,0.8453892846562193,0.1546107153437806
4,103,left_hand,left_hand,0.9916698354010544,0.0083301645989455
4,104,right_hand,left_hand,0.9123774945817136,0.0876225054182863
4,105,left_hand,left_hand,0.9357145563391004,0.0642854436608996
4,106,right_hand,left_hand,0.838548865097156,0.161451134902844
4,107,right_hand,right_hand,0.0017416087304917,0.9982583912695082
4,108,left_hand,left_hand,0.8555510904127157,0.1444489095872843
4,109,right_hand,left_hand,0.8986022216775381,0.1013977783224618
4,110,left_hand,left_hand,0.99520254811109,0.0047974518889098
4,111,left_hand,left_hand,0.7895863629067925,0.2104136370932075
4,112,right_hand,right_hand,0.126606612436476,0.8733933875635239
4,113,left_hand,left_hand,0.6802285395662899,0.3197714604337101
4,114,right_hand,right_hand,0.0015407653991971,0.9984592346008028
4,115,right_hand,right_hand,0.2798337120864502,0.7201662879135498
4,116,right_hand,left_hand,0.7740778669205645,0.2259221330794355
4,117,right_hand,right_hand,0.0333657660321663,0.9666342339678335
4,118,right_hand,left_hand,0.9969925889947916,0.0030074110052083
4,119,left_hand,left_hand,0.983250134571729,0.016749865428271
4,120,right_hand,left_hand,0.9998364819505712,0.0001635180494288
4,121,left_hand,left_hand,0.9391425900006788,0.0608574099993212
4,122,left_hand,right_hand,0.3849235754188295,0.6150764245811705
4,123,left_hand,right_hand,0.0336861552981635,0.9663138447018365
4,124,right_hand,right_hand,0.0383909324143372,0.9616090675856628
4,125,right_hand,left_hand,0.5252377113122337,0.4747622886877663
4,126,left_hand,left_hand,0.973995595902501,0.0260044040974989
4,127,right_hand,left_hand,0.5633894988578698,0.4366105011421302
4,128,left_hand,right_hand,0.1531848380869005,0.8468151619130995
4,129,right_hand,right_hand,0.1276958602973369,0.8723041397026631
4,130,left_hand,left_hand,0.9854442257174376,0.0145557742825623
4,131,right_hand,left_hand,0.9576015731382151,0.0423984268617847
4,132,right_hand,right_hand,0.0003261365507432,0.9996738634492568
4,133,right_hand,left_hand,0.938103771680354,0.0618962283196459
4,134,left_hand,left_hand,0.997515132720639,0.002484867279361
4,135,left_hand,left_hand,0.9606725990617828,0.0393274009382171
4,136,right_hand,right_hand,0.1632115698878816,0.8367884301121183
4,137,left_hand,right_hand,0.3241243447667401,0.6758756552332599
4,138,right_hand,right_hand,0.1035254893742642,0.8964745106257358
4,139,right_hand,right_hand,0.4932026759049839,0.5067973240950161
4,140,left_hand,left_hand,0.978028053148268,0.0219719468517319
4,141,left_hand,left_hand,0.9879653556297002,0.0120346443702997
4,142,right_hand,right_hand,0.2773137810871174,0.7226862189128825
4,143,left_hand,left_hand,0.8192368678104107,0.1807631321895892
5,0,left_hand,right_hand,0.3737473590054089,0.6262526409945911
5,1,right_hand,left_hand,0.9915915092811032,0.0084084907188967
5,2,right_hand,left_hand,0.9928148521693632,0.0071851478306368
5,3,left_hand,right_hand,0.0445543216741367,0.9554456783258632
5,4,right_hand,left_hand,0.9972605960843842,0.0027394039156157
5,5,left_hand,right_hand,0.3053038500872904,0.6946961499127096
5,6,right_hand,right_hand,0.055704658399647,0.944295341600353
5,7,right_hand,right_hand,0.0320738240448634,0.9679261759551364
5,8,left_hand,left_hand,0.9464271814958104,0.0535728185041896
5,9,right_hand,right_hand,0.2778362585344004,0.7221637414655996
5,10,left_hand,left_hand,0.8770410988288204,0.1229589011711795
5,11,left_hand,left_hand,0.5023996131066026,0.4976003868933973
5,12,right_hand,right_hand,0.1898666052930546,0.8101333947069453
5,13,left_hand,left_hand,0.8110493255965906,0.1889506744034093
5,14,left_hand,right_hand,0.0192359696038626,0.9807640303961374
5,15,left_hand,left_hand,0.9994562867453828,0.0005437132546172
5,16,left_hand,left_hand,0.6699586445434351,0.3300413554565649
5,17,right_hand,right_hand,0.3707908694436512,0.6292091305563488
5,18,left_hand,left_hand,0.9488410686188824,0.0511589313811174
5,19,right_hand,left_hand,0.6896527976052576,0.3103472023947424
5,20,right_hand,left_hand,0.5822018322653388,0.4177981677346612
5,21,left_hand,left_hand,0.9998925847085804,0.0001074152914195
5,22,right_hand,right_hand,0.4840212335624639,0.515978766437536
5,23,right_hand,right_hand,0.0004536228668805,0.9995463771331194
5,24,right_hand,right_hand,0.1666012298717076,0.8333987701282923
5,25,left_hand,right_hand,0.0372367649896193,0.9627632350103806
5,26,left_hand,left_hand,0.6298791494940061,0.3701208505059939
5,27,right_hand,left_hand,0.9998398485228848,0.0001601514771153
5,28,right_hand,right_hand,0.0152514261443487,0.9847485738556512
5,29,left_hand,right_hand,0.4619667874948954,0.5380332125051046
5,30,left_hand,left_hand,0.7921588363316812,0.2078411636683188
5,31,left_hand,left_hand,0.9830536995904556,0.0169463004095444
5,32,right_hand,right_hand,0.010992355963264,0.989007644036736
5,33,right_hand,left_hand,0.9990802712517078,0.0009197287482921
5,34,left_hand,right_hand,0.189203315004686,0.810796684995314
5,35,left_hand,right_hand,0.0079069277701057,0.9920930722298944
5,36,left_hand,left_hand,0.9992198746038568,0.0007801253961431
5,37,right_hand,right_hand,0.0812685664883247,0.9187314335116752
5,38,left_hand,right_hand,0.1501515164337193,0.8498484835662806
5,39,right_hand,right_hand,0.0907158557942117,0.9092841442057884
5,40,right_hand,right_hand,0.1359526182350499,0.8640473817649501
5,41,left_hand,right_hand,0.0561490752520864,0.9438509247479137
5,42,right_hand,right_hand,0.0026251691383907,0.9973748308616092
5,43,left_hand,left_hand,0.8368705030029117,0.1631294969970883
5,44,right_hand,left_hand,0.9924129356056433,0.0075870643943567
5,45,right_hand,left_hand,0.8407462276826771,0.1592537723173228
5,46,right_hand,left_hand,0.5348553795765085,0.4651446204234915
5,47,left_hand,left_hand,0.985457055957315,0.0145429440426849
5,48,left_hand,right_hand,0.2233162700297352,0.7766837299702648
5,49,left_hand,left_hand,0.7374135336373284,0.2625864663626716
5,50,right_hand,left_hand,0.9933151239611544,0.0066848760388456
5,51,left_hand,left_hand,0.9692883795962132,0.0307116204037869
5,52,left_hand,right_hand,0.2551106973847875,0.7448893026152125
5,53,right_hand,left_hand,0.9734972124524954,0.0265027875475045
5,54,left_hand,left_hand,0.6476427064874682,0.3523572935125317
5,55,left_hand,left_hand,0.9351192456147271,0.0648807543852728
5,56,right_hand,left_hand,0.9939672188149496,0.0060327811850504
5,57,left_hand,left_hand,0.9914982042479146,0.0085017957520854
5,58,right_hand,right_hand,0.3346380584445798,0.6653619415554202
5,59,right_hand,right_hand,0.0096347748509769,0.990365225149023
5,60,left_hand,left_hand,0.9990825300061752,0.0009174699938247
5,61,right_hand,right_hand,0.4684163320250755,0.5315836679749245
5,62,left_hand,left_hand,0.7885345272110829,0.2114654727889171
5,63,left_hand,right_hand,0.1313207975014371,0.8686792024985629
5,64,right_hand,right_hand,0.2385423469809099,0.7614576530190901
5,65,left_hand,right_hand,0.0075813552499459,0.992418644750054
5,66,right_hand,left_hand,0.996380106929728,0.0036198930702718
5,67,right_hand,left_hand,0.9744669446991172,0.0255330553008826
5,68,right_hand,right_hand,0.0261687726046956,0.9738312273953044
5,69,right_hand,left_hand,0.9329712886706952,0.0670287113293047
5,70,right_hand,left_hand,0.9837195556644048,0.0162804443355952
5,71,left_hand,left_hand,0.5500821286486934,0.4499178713513065
5,72,right_hand,right_hand,0.0127163085075241,0.987283691492476
5,73,left_hand,left_hand,0.655074294712918,0.344925705287082
5,74,left_hand,right_hand,0.0670919760538814,0.9329080239461186
5,75,left_hand,left_hand,0.9889690960799914,0.0110309039200086
5,76,right_hand,right_hand,0.0294674176502209,0.970532582349779
5,77,right_hand,right_hand,0.0387568222374067,0.9612431777625932
5,78,left_hand,right_hand,0.1245475122862578,0.8754524877137422
5,79,right_hand,left_hand,0.8299597699282724,0.1700402300717276
5,80,left_hand,right_hand,0.0243377806744163,0.9756622193255836
5,81,right_hand,right_hand,0.0081921264919082,0.9918078735080916
5,82,left_hand,left_hand,0.8087132493355513,0.1912867506644486
5,83,right_hand,right_hand,0.0044185723733676,0.9955814276266324
5,84,right_hand,right_hand,0.040262387795303,0.959737612204697
5,85,right_hand,left_hand,0.8543179176667739,0.1456820823332261
5,86,left_hand,right_hand,0.237176468789873,0.7628235312101269
5,87,left_hand,right_hand,0.2896286972316204,0.7103713027683796
5,88,right_hand,left_hand,0.9717790595989227,0.0282209404010772
5,89,left_hand,left_hand,0.8670565182566741,0.1329434817433258
5,90,right_hand,right_hand,0.0098551840269514,0.9901448159730486
5,91,right_hand,right_hand,0.3657633480061883,0.6342366519938116
5,92,left_hand,left_hand,0.5592766823481057,0.4407233176518942
5,93,left_hand,right_hand,0.203667137298726,0.796332862701274
5,94,right_hand,right_hand,0.0016116185187674,0.9983883814812324
5,95,left_hand,left_hand,0.950278564161808,0.0497214358381921
5,96,right_hand,right_hand,0.4906483249827474,0.5093516750172525
5,97,left_hand,left_hand,0.9468828888548976,0.0531171111451025
5,98,left_hand,left_hand,0.9765401277833364,0.0234598722166635
5,99,right_hand,left_hand,0.5248798983123025,0.4751201016876974
5,100,left_hand,right_hand,0.2232340329196086,0.7767659670803914
5,101,left_hand,right_hand,0.1051879401579226,0.8948120598420773
5,102,left_hand,right_hand,0.090775431641731,0.9092245683582688
5,103,right_hand,left_hand,0.9714029340580124,0.0285970659419876
5,104,right_hand,right_hand,0.0406117183627207,0.9593882816372792
5,105,right_hand,right_hand,0.2282275000032479,0.771772499996752
5,106,right_hand,right_hand,0.0510698416147481,0.948930158385252
5,107,left_hand,right_hand,0.0019981044573416,0.9980018955426584
5,108,right_hand,right_hand,0.4330894159669893,0.5669105840330106
5,109,right_hand,left_hand,0.8860130331663747,0.1139869668336252
5,110,right_hand,left_hand,0.6123881925214721,0.3876118074785278
5,111,left_hand,left_hand,0.957366770738748,0.0426332292612521
5,112,left_hand,left_hand,0.8432792700674898,0.1567207299325101
5,113,left_hand,right_hand,0.1327313022059257,0.8672686977940742
5,114,left_hand,right_hand,0.0348647710317631,0.9651352289682368
5,115,left_hand,right_hand,0.0142945585489675,0.9857054414510324
5,116,right_hand,right_hand,0.0043926710309435,0.9956073289690563
5,117,left_hand,left_hand,0.8837059119195195,0.1162940880804805
5,118,right_hand,right_hand,0.4383621163812434,0.5616378836187566
5,119,right_hand,left_hand,0.9991372658001054,0.0008627341998945
5,120,left_hand,right_hand,0.474164289672867,0.5258357103271329
5,121,right_hand,left_hand,0.8422070924251621,0.1577929075748378
5,122,left_hand,right_hand,0.0074037410714863,0.9925962589285136
5,123,left_hand,left_hand,0.9004692951536479,0.099530704846352
5,124,right_hand,right_hand,0.0290271385713718,0.9709728614286282
5,125,right_hand,left_hand,0.5677087043259752,0.4322912956740248
5,126,right_hand,left_hand,0.8543425249383265,0.1456574750616734
5,127,left_hand,right_hand,0.1130854653291303,0.8869145346708697
5,128,right_hand,right_hand,0.0233392079186319,0.976660792081368
5,129,right_hand,left_hand,0.9419610995261876,0.0580389004738125
5,130,right_hand,left_hand,0.9198791226068044,0.0801208773931955
5,131,right_hand,right_hand,0.0633474280414564,0.9366525719585436
5,132,right_hand,right_hand,0.1947605150150262,0.8052394849849738
5,133,left_hand,left_hand,0.8447584744052345,0.1552415255947654
5,134,right_hand,left_hand,0.5779560468386375,0.4220439531613624
5,135,right_hand,left_hand,0.9953305069111495,0.0046694930888504
5,136,left_hand,right_hand,0.2365665055928112,0.7634334944071888
5,137,left_hand,left_hand,0.5776116824197822,0.4223883175802178
5,138,left_hand,right_hand,0.0006170915947625,0.9993829084052376
5,139,left_hand,left_hand,0.8507111417174508,0.1492888582825492
5,140,left_hand,left_hand,0.9540264810238416,0.0459735189761584
5,141,left_hand,left_hand,0.5555590733966453,0.4444409266033546
5,142,right_hand,right_hand,0.0134069301188411,0.9865930698811588
5,143,left_hand,right_hand,0.0160976796325853,0.9839023203674148
6,0,right_hand,left_hand,0.9751822581193176,0.0248177418806825
6,1,right_hand,left_hand,0.6262888656371864,0.3737111343628135
6,2,left_hand,left_hand,0.972326227754702,0.0276737722452979
6,3,right_hand,right_hand,0.0645245621633051,0.9354754378366948
6,4,left_hand,left_hand,0.9967499372977788,0.003250062702221
6,5,left_hand,left_hand,0.9144738585018212,0.0855261414981787
6,6,right_hand,left_hand,0.9972343221259584,0.0027656778740416
6,7,right_hand,left_hand,0.5370336269737832,0.4629663730262168
6,8,left_hand,left_hand,0.8116582117845125,0.1883417882154875
6,9,left_hand,left_hand,0.8532713543922014,0.1467286456077986
6,10,left_hand,left_hand,0.8938644334182287,0.1061355665817712
6,11,left_hand,left_hand,0.8013993621462592,0.1986006378537407
6,12,right_hand,right_hand,0.0028446895306529,0.997155310469347
6,13,right_hand,right_hand,0.024637663854496,0.975362336145504
6,14,left_hand,left_hand,0.999217696700157,0.0007823032998429
6,15,right_hand,right_hand,0.0577277045470098,0.9422722954529902
6,16,left_hand,right_hand,0.0099419376566325,0.9900580623433676
6,17,left_hand,left_hand,0.9680913185637277,0.0319086814362725
6,18,right_hand,right_hand,0.4477151428208887,0.5522848571791112
6,19,right_hand,right_hand,0.0475912857172027,0.9524087142827972
6,20,right_hand,right_hand,0.0467412382724257,0.9532587617275744
6,21,left_hand,left_hand,0.957932020124176,0.0420679798758239
6,22,right_hand,right_hand,0.3889621353802426,0.6110378646197574
6,23,left_hand,left_hand,0.929348872460793,0.0706511275392069
6,24,left_hand,left_hand,0.9881190216607684,0.0118809783392317
6,25,left_hand,left_hand,0.9256806258541296,0.0743193741458705
6,26,left_hand,left_hand,0.7528571829378062,0.2471428170621937
6,27,right_hand,right_hand,0.026734644547593,0.973265355452407
6,28,right_hand,left_hand,0.8621726466159205,0.1378273533840794
6,29,left_hand,left_hand,0.5854140366299232,0.4145859633700768
6,30,right_hand,right_hand,0.0814478891742964,0.9185521108257036
6,31,left_hand,left_hand,0.9726558314727366,0.0273441685272634
6,32,left_hand,right_hand,0.0239749140512502,0.9760250859487496
6,33,right_hand,left_hand,0.6395526399053629,0.360447360094637
6,34,left_hand,right_hand,0.4971786487308091,0.5028213512691909
6,35,left_hand,left_hand,0.9781562570423356,0.0218437429576643
6,36,right_hand,left_hand,0.5763159748485049,0.423684025151495
6,37,right_hand,right_hand,0.0333070706907377,0.9666929293092622
6,38,right_hand,left_hand,0.7788891932454172,0.2211108067545828
6,39,right_hand,right_hand,0.0072925237419699,0.99270747625803
6,40,left_hand,right_hand,0.0358920530901404,0.9641079469098596
6,41,right_hand,right_hand,0.0377602771195956,0.9622397228804044
6,42,right_hand,left_hand,0.925143482544813,0.074856517455187
6,43,left_hand,left_hand,0.8692886333391894,0.1307113666608106
6,44,right_hand,left_hand,0.7282499994488624,0.2717500005511376
6,45,left_hand,left_hand,0.6533233976629833,0.3466766023370167
6,46,left_hand,right_hand,0.2271368599279384,0.7728631400720616
6,47,right_hand,right_hand,0.0051548257033365,0.9948451742966634
6,48,right_hand,left_hand,0.9998143469283872,0.0001856530716129
6,49,left_hand,right_hand,0.0847597343823102,0.9152402656176898
6,50,right_hand,left_hand,0.7899952715362608,0.2100047284637392
6,51,left_hand,left_hand,0.888917339298217,0.1110826607017829
6,52,right_hand,right_hand,0.0426644932959993,0.9573355067040008
6,53,right_hand,right_hand,0.0859770003470018,0.9140229996529982
6,54,right_hand,right_hand,1.0356128734678728e-05,0.9999896438712652
6,55,left_hand,left_hand,0.9944536981372016,0.0055463018627982
6,56,left_hand,left_hand,0.999912793105428,8.72068945719072e-05
6,57,right_hand,left_hand,0.9939685141057744,0.0060314858942254
6,58,left_hand,left_hand,0.7883572819873099,0.2116427180126901
6,59,right_hand,right_hand,0.4748742042829532,0.5251257957170468
6,60,left_hand,right_hand,0.480506754265819,0.519493245734181
6,61,left_hand,right_hand,0.0573243879919923,0.9426756120080076
6,62,right_hand,right_hand,0.0036587816705747,0.9963412183294252
6,63,left_hand,right_hand,0.0078093256137518,0.9921906743862482
6,64,left_hand,right_hand,0.0028234685411977,0.9971765314588024
6,65,left_hand,right_hand,0.0967787708239352,0.9032212291760648
6,66,left_hand,left_hand,0.8359776069714562,0.1640223930285438
6,67,right_hand,right_hand,0.1829232333075413,0.8170767666924587
6,68,right_hand,right_hand,0.0216478748721138,0.9783521251278862
6,69,left_hand,right_hand,0.0179540872826455,0.9820459127173544
6,70,right_hand,right_hand,0.0147553505959209,0.9852446494040792
6,71,right_hand,right_hand,0.3264650461448873,0.6735349538551126
6,72,left_hand,left_hand,0.9978928138334764,0.0021071861665236
6,73,left_hand,right_hand,0.0696323814564722,0.9303676185435278
6,74,right_hand,left_hand,0.8388567360445394,0.1611432639554606
6,75,left_hand,right_hand,0.3883346597191101,0.6116653402808899
6,76,left_hand,left_hand,0.9845678840548632,0.0154321159451368
6,77,right_hand,right_hand,0.4364038734215304,0.5635961265784696
6,78,right_hand,right_hand,0.1996201660745663,0.8003798339254337
6,79,left_hand,left_hand,0.9162322123252448,0.0837677876747552
6,80,right_hand,right_hand,0.0181626282344192,0.9818373717655808
6,81,right_hand,right_hand,0.0028056647479586,0.9971943352520414
6,82,left_hand,left_hand,0.999247079040938,0.0007529209590619
6,83,left_hand,right_hand,0.0806643921831059,0.919335607816894
6,84,right_hand,right_hand,0.0672697920735936,0.9327302079264064
6,85,left_hand,left_hand,0.6653122734317506,0.3346877265682494
6,86,left_hand,left_hand,0.9254217139935232,0.0745782860064768
6,87,right_hand,right_hand,0.228482506474795,0.7715174935252049
6,88,right_hand,right_hand,0.0388044797891741,0.961195520210826
6,89,right_hand,left_hand,0.6961264783364287,0.3038735216635713
6,90,left_hand,left_hand,0.9885679890736404,0.0114320109263596
6,91,right_hand,right_hand,0.0995100531216056,0.9004899468783943
6,92,left_hand,right_hand,0.050772265621973,0.949227734378027
6,93,right_hand,left_hand,0.9420007077756548,0.0579992922243453
6,94,right_hand,right_hand,0.0097080802555024,0.9902919197444976
6,95,left_hand,right_hand,0.1256588951885188,0.8743411048114812
6,96,left_hand,left_hand,0.954876157333308,0.045123842666692
6,97,right_hand,right_hand,0.0946592381204965,0.9053407618795034
6,98,right_hand,left_hand,0.6458020285478667,0.3541979714521332
6,99,left_hand,left_hand,0.95845614485042,0.04154385514958
6,100,left_hand,right_hand,0.2479503902269867,0.7520496097730133
6,101,right_hand,right_hand,0.079769663823086,0.920230336176914
6,102,right_hand,right_hand,0.394872891287584,0.6051271087124159
6,103,left_hand,right_hand,0.2297670543137653,0.7702329456862347
6,104,left_hand,left_hand,0.9997476083089444,0.0002523916910557
6,105,right_hand,left_hand,0.6542777081364133,0.3457222918635866
6,106,left_hand,left_hand,0.7540858401697369,0.2459141598302631
6,107,right_hand,right_hand,0.3196655207134408,0.6803344792865592
6,108,right_hand,right_hand,0.2043925601990874,0.7956074398009125
6,109,right_hand,right_hand,0.4039890461489949,0.5960109538510051
6,110,left_hand,left_hand,0.8959940971057417,0.1040059028942582
6,111,right_hand,right_hand,0.0154449496364569,0.9845550503635432
6,112,right_hand,left_hand,0.7695570760236317,0.2304429239763684
6,113,left_hand,right_hand,0.074066735462145,0.925933264537855
6,114,left_hand,right_hand,0.472569324309847,0.527430675690153
6,115,left_hand,left_hand,0.8372990937389131,0.1627009062610868
6,116,right_hand,right_hand,0.4032897152216315,0.5967102847783685
6,117,left_hand,right_hand,0.0028852520495376,0.9971147479504624
6,118,left_hand,left_hand,0.7460588780197608,0.2539411219802392
6,119,right_hand,left_hand,0.9454390003354052,0.0545609996645948
6,120,left_hand,left_hand,0.987100785024262,0.0128992149757381
6,121,left_hand,left_hand,0.9756024271081586,0.0243975728918414
6,122,left_hand,left_hand,0.9275811218479538,0.0724188781520461
6,123,right_hand,left_hand,0.8483075628952277,0.1516924371047723
6,124,right_hand,right_hand,0.0018397906258541,0.9981602093741458
6,125,right_hand,right_hand,0.4845192884090548,0.5154807115909452
6,126,right_hand,left_hand,0.6459511275519879,0.3540488724480121
6,127,left_hand,left_hand,0.5429593685690481,0.4570406314309519
6,128,right_hand,right_hand,0.4567823513925624,0.5432176486074376
6,129,left_hand,left_hand,0.8225531230998784,0.1774468769001216
6,130,right_hand,right_hand,0.1482896867895444,0.8517103132104555
6,131,left_hand,left_hand,0.8617007154928839,0.1382992845071161
6,132,left_hand,left_hand,0.5125868368811737,0.4874131631188264
6,133,right_hand,right_hand,0.2211539070350079,0.7788460929649921
6,134,left_hand,right_hand,0.0873059154191964,0.9126940845808036
6,135,right_hand,left_hand,0.875095954860582,0.124904045139418
6,136,right_hand,right_hand,0.2412952229517535,0.7587047770482465
6,137,left_hand,right_hand,0.0706308068429326,0.9293691931570672
6,138,left_hand,left_hand,0.9070077739339272,0.0929922260660726
6,139,right_hand,right_hand,0.2501807283393732,0.7498192716606268
6,140,left_hand,left_hand,0.7584789138694409,0.2415210861305591
6,141,right_hand,right_hand,0.110273282380077,0.889726717619923
6,142,left_hand,left_hand,0.6585348507282471,0.3414651492717528
6,143,right_hand,right_hand,0.3513649676814396,0.6486350323185603
7,0,left_hand,left_hand,0.833738673397389,0.1662613266026109
7,1,right_hand,right_hand,0.2606825995311338,0.7393174004688662
7,2,right_hand,left_hand,0.8333591320732812,0.1666408679267188
7,3,left_hand,left_hand,0.9981345098296922,0.0018654901703077
7,4,right_hand,right_hand,6.151877849602805e-05,0.999938481221504
7,5,left_hand,right_hand,0.33905777704006,0.66094222295994
7,6,right_hand,left_hand,0.6209409939190885,0.3790590060809115
7,7,right_hand,left_hand,0.9452274429390763,0.0547725570609235
7,8,left_hand,left_hand,0.7136307230944715,0.2863692769055285
7,9,right_hand,right_hand,0.4690813040330652,0.5309186959669348
7,10,left_hand,left_hand,0.9395157923471652,0.0604842076528349
7,11,left_hand,left_hand,0.9662807057514128,0.033719294248587
7,12,right_hand,right_hand,0.0868808442922964,0.9131191557077036
7,13,left_hand,left_hand,0.9743267562053284,0.0256732437946715
7,14,left_hand,right_hand,0.0013507094232255,0.9986492905767744
7,15,left_hand,left_hand,0.9969213819532472,0.0030786180467529
7,16,left_hand,left_hand,0.850966344836871,0.149033655163129
7,17,right_hand,right_hand,0.3670630407734518,0.6329369592265481
7,18,left_hand,left_hand,0.923453795085428,0.0765462049145719
7,19,right_hand,right_hand,0.0181127516229568,0.9818872483770432
7,20,right_hand,right_hand,0.201024600794253,0.798975399205747
7,21,left_hand,right_hand,0.1032254169029631,0.8967745830970368
7,22,right_hand,right_hand,0.0014022244870027,0.9985977755129972
7,23,right_hand,left_hand,0.9722105693654424,0.0277894306345577
7,24,right_hand,left_hand,0.910174683519604,0.0898253164803959
7,25,left_hand,right_hand,0.0003874151819303,0.9996125848180696
7,26,left_hand,right_hand,0.4742058995599058,0.5257941004400942
7,27,right_hand,right_hand,0.0115187419131221,0.9884812580868778
7,28,right_hand,right_hand,0.0014656368769979,0.998534363123002
7,29,left_hand,right_hand,0.2352212358121481,0.7647787641878518
7,30,left_hand,left_hand,0.9961289060004408,0.003871093999559
7,31,left_hand,left_hand,0.9824357716808536,0.0175642283191464
7,32,right_hand,left_hand,0.5672888532846303,0.4327111467153697
7,33,right_hand,left_hand,0.9996501414211028,0.0003498585788972
7,34,left_hand,left_hand,0.998820122244274,0.0011798777557261
7,35,left_hand,left_hand,0.9658188297036764,0.0341811702963235
7,36,left_hand,left_hand,0.6089141144223568,0.3910858855776432
7,37,right_hand,right_hand,0.0263268050769451,0.9736731949230548
7,38,left_hand,left_hand,0.9577752683778902,0.0422247316221098
7,39,right_hand,right_hand,0.0344876321237502,0.9655123678762496
7,40,right_hand,left_hand,0.895079016547984,0.1049209834520159
7,41,left_hand,right_hand,0.0151693669323095,0.9848306330676904
7,42,right_hand,right_hand,0.2407139660089551,0.7592860339910449
7,43,left_hand,left_hand,0.9267841515540328,0.073215848445967
7,44,right_hand,left_hand,0.8260547659707602,0.1739452340292398
7,45,right_hand,right_hand,0.0233645048504346,0.9766354951495654
7,46,right_hand,right_hand,0.065821346411133,0.934178653588867
7,47,left_hand,left_hand,0.9994092676682408,0.0005907323317592
7,48,left_hand,right_hand,0.4039116041384424,0.5960883958615576
7,49,left_hand,left_hand,0.846316453159434,0.1536835468405659
7,50,right_hand,left_hand,0.5248871642094084,0.4751128357905915
7,51,left_hand,left_hand,0.9031881642693989,0.0968118357306011
7,52,left_hand,right_hand,0.0037112074149275,0.9962887925850724
7,53,right_hand,right_hand,0.1362219234021912,0.8637780765978088
7,54,left_hand,left_hand,0.940068388276049,0.059931611723951
7,55,left_hand,right_hand,0.01533407834258,0.98466592165742
7,56,right_hand,left_hand,0.99925024409209,0.0007497559079099
7,57,left_hand,right_hand,0.0017528840091661,0.9982471159908338
7,58,right_hand,right_hand,0.1016986880645718,0.8983013119354282
7,59,right_hand,right_hand,0.0630897028179516,0.9369102971820484
7,60,left_hand,left_hand,0.79011346477917,0.20988653522083
7,61,right_hand,right_hand,0.0005042985922238,0.999495701407776
7,62,left_hand,right_hand,0.0004913701100874,0.9995086298899124
7,63,left_hand,left_hand,0.981960525479472,0.0180394745205281
7,64,right_hand,right_hand,0.0006787202960003,0.9993212797039996
7,65,left_hand,left_hand,0.6026449407798345,0.3973550592201654
7,66,right_hand,right_hand,0.0092608909006151,0.9907391090993848
7,67,right_hand,left_hand,0.890875346068194,0.1091246539318059
7,68,right_hand,left_hand,0.8214780109389865,0.1785219890610134
7,69,right_hand,right_hand,0.4649178303676818,0.5350821696323181
7,70,right_hand,right_hand,0.3497246720133218,0.6502753279866782
7,71,left_hand,right_hand,0.0677980772461969,0.9322019227538032
7,72,right_hand,left_hand,0.8139894202411737,0.1860105797588263
7,73,left_hand,left_hand,0.9140879753618856,0.0859120246381142
7,74,left_hand,right_hand,0.0041271932511167,0.9958728067488832
7,75,left_hand,right_hand,0.1104887210172682,0.8895112789827317
7,76,right_hand,right_hand,0.3827857739731182,0.6172142260268818
7,77,right_hand,left_hand,0.9868592370468277,0.0131407629531723
7,78,left_hand,right_hand,0.0004304776572794,0.9995695223427206
7,79,right_hand,left_hand,0.9995000861741578,0.0004999138258422
7,80,left_hand,right_hand,0.2615764969242851,0.7384235030757149
7,81,right_hand,right_hand,0.1362922846096687,0.8637077153903313
7,82,left_hand,left_hand,0.9654249360073824,0.0345750639926176
7,83,right_hand,left_hand,0.954769767222356,0.045230232777644
7,84,right_hand,right_hand,0.2650183137205347,0.7349816862794653
7,85,right_hand,left_hand,0.7289450939481397,0.2710549060518603
7,86,left_hand,right_hand,0.1157936976217854,0.8842063023782145
7,87,left_hand,left_hand,0.80444044856345,0.19555955143655
7,88,right_hand,left_hand,0.9776237197838284,0.0223762802161716
7,89,left_hand,left_hand,0.8805571165211794,0.1194428834788206
7,90,right_hand,right_hand,0.0051680646588267,0.9948319353411732
7,91,right_hand,right_hand,0.2324377616939863,0.7675622383060137
7,92,left_hand,right_hand,0.2572291204028202,0.7427708795971798
7,93,left_hand,right_hand,0.0175310614219599,0.98246893857804
7,94,right_hand,left_hand,0.9865909880670932,0.0134090119329066
7,95,left_hand,left_hand,0.9817177713463447,0.0182822286536551
7,96,right_hand,right_hand,0.4749210420603573,0.5250789579396427
7,97,left_hand,right_hand,0.4142139531758406,0.5857860468241594
7,98,left_hand,left_hand,0.9710461261382034,0.0289538738617966
7,99,right_hand,right_hand,0.3396290728359185,0.6603709271640815
7,100,left_hand,right_hand,0.317425701699264,0.682574298300736
7,101,left_hand,left_hand,0.9761195315852303,0.0238804684147695
7,102,left_hand,left_hand,0.7759629242351274,0.2240370757648726
7,103,right_hand,left_hand,0.9061697115410676,0.0938302884589324
7,104,right_hand,right_hand,0.3429967903145591,0.6570032096854409
7,105,right_hand,left_hand,0.974477086279104,0.0255229137208959
7,106,right_hand,left_hand,0.9589922578988476,0.0410077421011525
7,107,left_hand,right_hand,0.0004643190232447,0.9995356809767552
7,108,right_hand,right_hand,0.3352659426254654,0.6647340573745346
7,109,right_hand,right_hand,0.0936213166732974,0.9063786833267026
7,110,right_hand,left_hand,0.516981597156084,0.4830184028439159
7,111,left_hand,left_hand,0.8471321706944503,0.1528678293055496
7,112,left_hand,left_hand,0.9898996819262018,0.0101003180737981
7,113,left_hand,left_hand,0.9047497346654212,0.0952502653345787
7,114,left_hand,left_hand,0.9992367755322522,0.0007632244677477
7,115,left_hand,left_hand,0.8122252705158662,0.1877747294841338
7,116,right_hand,left_hand,0.972712231315356,0.0272877686846441
7,117,left_hand,right_hand,0.0360340600110794,0.9639659399889206
7,118,right_hand,right_hand,0.0007257994462316,0.9992742005537684
7,119,right_hand,left_hand,0.7912606624486452,0.2087393375513547
7,120,left_hand,left_hand,0.7855651841219782,0.2144348158780218
7,121,right_hand,left_hand,0.9962780386510302,0.0037219613489698
7,122,left_hand,left_hand,0.9782711336971416,0.0217288663028585
7,123,left_hand,left_hand,0.6248547411680652,0.3751452588319349
7,124,right_hand,left_hand,0.5494804976615211,0.450519502338479
7,125,right_hand,left_hand,0.728503086804352,0.2714969131956479
7,126,right_hand,left_hand,0.9056809379138044,0.0943190620861956
7,127,left_hand,left_hand,0.8906778933096914,0.1093221066903085
7,128,right_hand,right_hand,0.0099721809390189,0.990027819060981
7,129,right_hand,right_hand,0.0588139989209222,0.9411860010790778
7,130,right_hand,left_hand,0.5821804979916073,0.4178195020083927
7,131,right_hand,left_hand,0.9804041714966204,0.0195958285033797
7,132,right_hand,right_hand,0.3274205096197726,0.6725794903802274
7,133,left_hand,left_hand,0.9884716079335044,0.0115283920664956
7,134,right_hand,left_hand,0.7668280399847902,0.2331719600152098
7,135,right_hand,left_hand,0.5388832464834326,0.4611167535165674
7,136,left_hand,right_hand,3.7706413924532e-06,0.9999962293586075
7,137,left_hand,right_hand,0.1294622820297816,0.8705377179702184
7,138,left_hand,left_hand,0.6162074180698668,0.3837925819301332
7,139,left_hand,right_hand,0.0156152733596774,0.9843847266403224
7,140,left_hand,right_hand,0.1408594658304125,0.8591405341695875
7,141,left_hand,left_hand,0.6085024486169608,0.3914975513830392
7,142,right_hand,left_hand,0.9914685347941437,0.0085314652058562
7,143,left_hand,right_hand,0.0141917968983783,0.9858082031016216
8,0,left_hand,left_hand,0.9994217751150648,0.0005782248849353
8,1,right_hand,right_hand,0.0319966417183958,0.968003358281604
8,2,right_hand,right_hand,0.0464110357061497,0.9535889642938502
8,3,left_hand,left_hand,0.9999360551130206,6.394488697933985e-05
8,4,right_hand,right_hand,0.0021531692593899,0.99784683074061
8,5,left_hand,left_hand,0.9051021731729594,0.0948978268270406
8,6,right_hand,right_hand,0.0035908016726432,0.9964091983273567
8,7,right_hand,right_hand,0.4241436156067095,0.5758563843932905
8,8,left_hand,left_hand,0.9998998028198766,0.0001001971801234
8,9,right_hand,right_hand,0.0332351629228815,0.9667648370771184
8,10,left_hand,left_hand,0.999271067886376,0.000728932113624
8,11,left_hand,left_hand,0.9485327809162536,0.0514672190837464
8,12,right_hand,right_hand,0.0006198205893115,0.9993801794106884
8,13,left_hand,left_hand,0.9553903748595448,0.0446096251404551
8,14,left_hand,right_hand,0.2814401806925525,0.7185598193074475
8,15,left_hand,left_hand,0.998985963497784,0.0010140365022158
8,16,left_hand,left_hand,0.999936487462515,6.351253748500588e-05
8,17,right_hand,right_hand,0.0104996310441698,0.9895003689558302
8,18,left_hand,left_hand,0.9995553609226244,0.0004446390773755
8,19,right_hand,right_hand,0.1163948885178073,0.8836051114821927
8,20,right_hand,right_hand,0.0075186186619046,0.9924813813380954
8,21,left_hand,left_hand,0.9775633494341956,0.0224366505658045
8,22,right_hand,right_hand,0.000170721553081,0.9998292784469188
8,23,right_hand,right_hand,0.2518145260285168,0.7481854739714832
8,24,right_hand,right_hand,0.019814027087654,0.980185972912346
8,25,left_hand,left_hand,0.8935372348969512,0.1064627651030487
8,26,left_hand,left_hand,0.9861325326631324,0.0138674673368676
8,27,right_hand,right_hand,0.0309766120390801,0.9690233879609198
8,28,right_hand,right_hand,0.0242570477563616,0.9757429522436384
8,29,left_hand,left_hand,0.968470666518648,0.0315293334813521
8,30,left_hand,left_hand,0.9997649161825832,0.0002350838174168
8,31,left_hand,left_hand,0.8546552753577549,0.1453447246422451
8,32,right_hand,right_hand,0.0029780212001883,0.9970219787998116
8,33,right_hand,right_hand,0.001186334147895,0.998813665852105
8,34,left_hand,left_hand,0.6273426424114874,0.3726573575885125
8,35,left_hand,left_hand,0.985540113062024,0.0144598869379759
8,36,left_hand,left_hand,0.6940275552487913,0.3059724447512086
8,37,right_hand,right_hand,0.0011903247598835,0.9988096752401164
8,38,left_hand,left_hand,0.9914164397374234,0.0085835602625765
8,39,right_hand,right_hand,0.1751977905435131,0.8248022094564869
8,40,right_hand,right_hand,9.489143315133396e-05,0.9999051085668488
8,41,left_hand,left_hand,0.9979688449317742,0.0020311550682258
8,42,right_hand,right_hand,0.003928984099478,0.996071015900522
8,43,left_hand,left_hand,0.9968049823825292,0.0031950176174708
8,44,right_hand,right_hand,0.0025829335692859,0.997417066430714
8,45,right_hand,right_hand,0.0076286530413254,0.9923713469586746
8,46,right_hand,right_hand,0.0013733116862785,0.9986266883137216
8,47,left_hand,left_hand,0.9977953671271004,0.0022046328728996
8,48,left_hand,left_hand,0.9976757414655462,0.0023242585344538
8,49,left_hand,left_hand,0.9999859499748902,1.4050025109842834e-05
8,50,right_hand,right_hand,0.398743874336539,0.601256125663461
8,51,left_hand,left_hand,0.9986346613579546,0.0013653386420453
8,52,left_hand,left_hand,0.8619977748695166,0.1380022251304834
8,53,right_hand,right_hand,0.0399661771306786,0.9600338228693214
8,54,left_hand,left_hand,0.5723265443782175,0.4276734556217824
8,55,left_hand,left_hand,0.9998836853553026,0.0001163146446974
8,56,right_hand,right_hand,0.0014894245539422,0.9985105754460576
8,57,left_hand,left_hand,0.9848271822086012,0.0151728177913988
8,58,right_hand,right_hand,0.2297189641365421,0.7702810358634579
8,59,right_hand,right_hand,0.0985516986405034,0.9014483013594966
8,60,left_hand,left_hand,0.9946751759336472,0.0053248240663528
8,61,right_hand,right_hand,0.0006058466695634,0.9993941533304366
8,62,left_hand,left_hand,0.8877312233924893,0.1122687766075106
8,63,left_hand,right_hand,0.1163038993912916,0.8836961006087084
8,64,right_hand,right_hand,0.0250892727996688,0.9749107272003312
8,65,left_hand,left_hand,0.9913848534075388,0.0086151465924611
8,66,right_hand,right_hand,0.0019102248919833,0.9980897751080168
8,67,right_hand,right_hand,0.0061619247770892,0.9938380752229108
8,68,right_hand,right_hand,0.0018605339811816,0.9981394660188184
8,69,right_hand,left_hand,0.793471473350399,0.2065285266496009
8,70,right_hand,right_hand,0.0042753367795614,0.9957246632204384
8,71,left_hand,left_hand,0.9962330055274828,0.0037669944725171
8,72,right_hand,right_hand,0.0035024276245573,0.9964975723754428
8,73,left_hand,left_hand,0.9962922373522168,0.0037077626477831
8,74,left_hand,left_hand,0.9977642133705362,0.0022357866294637
8,75,left_hand,left_hand,0.9517335851919512,0.0482664148080487
8,76,right_hand,right_hand,0.0028414655552307,0.9971585344447692
8,77,right_hand,right_hand,0.0001278934699242,0.9998721065300756
8,78,left_hand,left_hand,0.9976554599777124,0.0023445400222874
8,79,right_hand,right_hand,0.0363576248133382,0.9636423751866616
8,80,left_hand,left_hand,0.9781174449302452,0.0218825550697548
8,81,right_hand,right_hand,0.00037533210538,0.99962466789462
8,82,left_hand,left_hand,0.9999741530191876,2.584698081226844e-05
8,83,right_hand,right_hand,0.0042878904530682,0.9957121095469318
8,84,right_hand,right_hand,0.0012298660290983,0.9987701339709016
8,85,right_hand,right_hand,0.0355934080293358,0.964406591970664
8,86,left_hand,left_hand,0.975955110458006,0.0240448895419939
8,87,left_hand,right_hand,0.3980225744815608,0.6019774255184391
8,88,right_hand,right_hand,0.0744548794167119,0.925545120583288
8,89,left_hand,left_hand,0.9999712207907274,2.8779209272525853e-05
8,90,right_hand,right_hand,0.1321448567418853,0.8678551432581146
8,91,right_hand,right_hand,0.4402926629164914,0.5597073370835086
8,92,left_hand,left_hand,0.9959108760258084,0.0040891239741916
8,93,left_hand,left_hand,0.8111651863079925,0.1888348136920075
8,94,right_hand,right_hand,0.3938249468381966,0.6061750531618034
8,95,left_hand,left_hand,0.9736178571461208,0.026382142853879
8,96,right_hand,left_hand,0.6463577230975639,0.3536422769024361
8,97,left_hand,left_hand,0.9919034433403184,0.0080965566596817
8,98,left_hand,left_hand,0.9786807365157696,0.0213192634842305
8,99,right_hand,right_hand,0.1406754965214561,0.8593245034785438
8,100,left_hand,left_hand,0.996659581988094,0.0033404180119061
8,101,left_hand,left_hand,0.9929624053067594,0.0070375946932406
8,102,left_hand,left_hand,0.9978785117403906,0.0021214882596094
8,103,right_hand,right_hand,0.0089208524847907,0.9910791475152092
8,104,right_hand,left_hand,0.9650227535818332,0.0349772464181667
8,105,right_hand,left_hand,0.5120180561833803,0.4879819438166197
8,106,right_hand,right_hand,0.2621889945533512,0.7378110054466488
8,107,left_hand,left_hand,0.7369510627225263,0.2630489372774737
8,108,right_hand,right_hand,0.002450796014694,0.997549203985306
8,109,right_hand,right_hand,0.0631258489185048,0.9368741510814952
8,110,right_hand,right_hand,0.0054458228070325,0.9945541771929676
8,111,left_hand,left_hand,0.8838851858407553,0.1161148141592447
8,112,left_hand,left_hand,0.9771787034347056,0.0228212965652944
8,113,left_hand,left_hand,0.9733381713208248,0.0266618286791753
8,114,left_hand,left_hand,0.9489071424200232,0.0510928575799768
8,115,left_hand,right_hand,0.4680615244202303,0.5319384755797697
8,116,right_hand,right_hand,0.0103445786825732,0.9896554213174268
8,117,left_hand,left_hand,0.988619692774134,0.0113803072258659
8,118,right_hand,right_hand,0.0197969701592866,0.9802030298407134
8,119,right_hand,right_hand,0.0130115906560516,0.9869884093439484
8,120,left_hand,left_hand,0.5771881086110269,0.4228118913889731
8,121,right_hand,right_hand,0.0006475842737551,0.9993524157262448
8,122,left_hand,left_hand,0.9999458978385556,5.410216144433084e-05
8,123,left_hand,right_hand,0.0068346806839617,0.9931653193160382
8,124,right_hand,right_hand,0.1797709156119926,0.8202290843880073
8,125,right_hand,left_hand,0.86022679225807,0.13977320774193
8,126,right_hand,right_hand,0.0347742671671335,0.9652257328328664
8,127,left_hand,left_hand,0.9782695783221876,0.0217304216778125
8,128,right_hand,right_hand,0.0039756310822974,0.9960243689177024
8,129,right_hand,right_hand,0.0190664382956681,0.980933561704332
8,130,right_hand,right_hand,0.080106988308462,0.919893011691538
8,131,right_hand,right_hand,0.1611479984880158,0.8388520015119841
8,132,right_hand,right_hand,0.0077588776345778,0.9922411223654222
8,133,left_hand,left_hand,0.9666243366475266,0.0333756633524734
8,134,right_hand,right_hand,0.0082778338991087,0.9917221661008911
8,135,right_hand,right_hand,0.0014404762638978,0.998559523736102
8,136,left_hand,left_hand,0.9262699097271696,0.0737300902728304
8,137,left_hand,left_hand,0.9228042398392006,0.0771957601607993
8,138,left_hand,right_hand,0.0911109248955399,0.90888907510446
8,139,left_hand,left_hand,0.6051794330789255,0.3948205669210745
8,140,left_hand,left_hand,0.7544361542361754,0.2455638457638246
8,141,left_hand,right_hand,0.0364489658323137,0.9635510341676864
8,142,right_hand,right_hand,0.062796345657801,0.937203654342199
8,143,left_hand,right_hand,0.193513327331956,0.806486672668044
9,0,right_hand,left_hand,0.9117325790920152,0.0882674209079848
9,1,right_hand,left_hand,0.8984468568538106,0.1015531431461893
9,2,left_hand,right_hand,0.1321036492888725,0.8678963507111275
9,3,right_hand,left_hand,0.7872371194991052,0.2127628805008947
9,4,left_hand,left_hand,0.9946639568482032,0.0053360431517969
9,5,left_hand,right_hand,0.313416238847099,0.686583761152901
9,6,right_hand,right_hand,0.001001891027392,0.998998108972608
9,7,right_hand,left_hand,0.5386581120904603,0.4613418879095396
9,8,left_hand,left_hand,0.6913294067184681,0.3086705932815319
9,9,left_hand,right_hand,0.0498256973589275,0.9501743026410724
9,10,left_hand,left_hand,0.9885741728338542,0.0114258271661457
9,11,left_hand,right_hand,0.2023423350306865,0.7976576649693135
9,12,right_hand,right_hand,0.1333678499261352,0.8666321500738647
9,13,right_hand,right_hand,0.1678639568794507,0.8321360431205492
9,14,left_hand,left_hand,0.9440128720330756,0.0559871279669244
9,15,right_hand,right_hand,0.0051418453810171,0.9948581546189827
9,16,left_hand,left_hand,0.997843012595332,0.0021569874046678
9,17,left_hand,left_hand,0.5365972816299474,0.4634027183700527
9,18,right_hand,right_hand,0.194474559863534,0.805525440136466
9,19,right_hand,left_hand,0.6054787189606574,0.3945212810393426
9,20,right_hand,right_hand,0.006505588060131,0.993494411939869
9,21,left_hand,right_hand,0.3361976872203913,0.6638023127796087
9,22,right_hand,right_hand,0.0049115120663033,0.9950884879336966
9,23,left_hand,left_hand,0.9806454985878468,0.0193545014121532
9,24,left_hand,left_hand,0.9902172564686365,0.0097827435313636
9,25,left_hand,left_hand,0.9741796467750264,0.0258203532249736
9,26,left_hand,left_hand,0.9978852876628044,0.0021147123371956
9,27,right_hand,right_hand,0.0005180779555702,0.9994819220444298
9,28,right_hand,right_hand,0.0013188975726345,0.9986811024273654
9,29,left_hand,left_hand,0.6142554164750393,0.3857445835249606
9,30,right_hand,right_hand,0.0057635884625621,0.9942364115374378
9,31,left_hand,left_hand,0.5962785813071703,0.4037214186928297
9,32,left_hand,left_hand,0.9683160269809784,0.0316839730190214
9,33,right_hand,left_hand,0.6676674136374289,0.3323325863625711
9,34,left_hand,right_hand,0.0597261665467968,0.9402738334532031
9,35,left_hand,right_hand,0.0715013640936966,0.9284986359063032
9,36,right_hand,right_hand,0.1903228670796612,0.8096771329203387
9,37,right_hand,left_hand,0.8700058289487715,0.1299941710512284
9,38,right_hand,right_hand,0.1969632630111903,0.8030367369888096
9,39,right_hand,left_hand,0.524408074689513,0.475591925310487
9,40,left_hand,left_hand,0.9567348957865928,0.0432651042134073
9,41,right_hand,right_hand,0.0378281645789959,0.962171835421004
9,42,right_hand,left_hand,0.7544328064190466,0.2455671935809534
9,43,left_hand,right_hand,0.1181198626204019,0.881880137379598
9,44,right_hand,right_hand,0.2207222640726849,0.7792777359273151
9,45,left_hand,left_hand,0.5056085413598341,0.4943914586401659
9,46,left_hand,left_hand,0.8396094110797504,0.1603905889202496
9,47,right_hand,left_hand,0.9066189922339354,0.0933810077660645
9,48,right_hand,right_hand,0.0968698714054835,0.9031301285945164
9,49,left_hand,right_hand,0.4988424826022445,0.5011575173977555
9,50,right_hand,right_hand,0.0055870633148835,0.9944129366851164
9,51,left_hand,left_hand,0.999547978682157,0.000452021317843
9,52,right_hand,right_hand,0.0046833777544633,0.9953166222455366
9,53,right_hand,right_hand,0.373092699249513,0.626907300750487
9,54,right_hand,right_hand,0.2268108695383275,0.7731891304616725
9,55,left_hand,left_hand,0.9901243226685394,0.0098756773314605
9,56,left_hand,left_hand,0.5343894724186908,0.4656105275813091
9,57,right_hand,right_hand,0.2200423038276227,0.7799576961723773
9,58,left_hand,left_hand,0.9543319841956238,0.0456680158043761
9,59,right_hand,right_hand,0.3224720786837672,0.6775279213162327
9,60,left_hand,right_hand,0.1236280105530808,0.8763719894469192
9,61,left_hand,right_hand,0.1062472642907391,0.8937527357092608
9,62,right_hand,right_hand,0.0106114743714178,0.989388525628582
9,63,left_hand,left_hand,0.9523049593138364,0.0476950406861637
9,64,left_hand,left_hand,0.628311382722287,0.371688617277713
9,65,left_hand,left_hand,0.8429957974152167,0.1570042025847832
9,66,left_hand,right_hand,0.2779619169938196,0.7220380830061803
9,67,right_hand,right_hand,0.0002814161927643,0.9997185838072356
9,68,right_hand,right_hand,0.1373980558595325,0.8626019441404674
9,69,left_hand,left_hand,0.9968252849051716,0.0031747150948282
9,70,right_hand,right_hand,0.3566835189231095,0.6433164810768904
9,71,right_hand,right_hand,0.2641483213302756,0.7358516786697243
9,72,left_hand,left_hand,0.9814508566902754,0.0185491433097245
9,73,left_hand,left_hand,0.9986649521195904,0.0013350478804097
9,74,right_hand,right_hand,0.0177441094014444,0.9822558905985556
9,75,left_hand,left_hand,0.9872191691439192,0.0127808308560807
9,76,left_hand,left_hand,0.971220713736156,0.028779286263844
9,77,right_hand,right_hand,0.446160538313872,0.553839461686128
9,78,right_hand,right_hand,0.0173568536347946,0.9826431463652052
9,79,left_hand,left_hand,0.9764971203801024,0.0235028796198976
9,80,right_hand,left_hand,0.8843437412640096,0.1156562587359903
9,81,right_hand,right_hand,0.1019613194567784,0.8980386805432216
9,82,left_hand,left_hand,0.9950964270196274,0.0049035729803725
9,83,left_hand,left_hand,0.9969253945896888,0.0030746054103112
9,84,right_hand,right_hand,0.0170806201150557,0.9829193798849444
9,85,left_hand,left_hand,0.9981206887560248,0.0018793112439751
9,86,left_hand,left_hand,0.9659047881660728,0.0340952118339271
9,87,right_hand,right_hand,0.2868051210700778,0.7131948789299222
9,88,right_hand,right_hand,0.1535911204107302,0.8464088795892698
9,89,right_hand,right_hand,0.1922452090061862,0.8077547909938138
9,90,left_hand,left_hand,0.9981795958986752,0.0018204041013249
9,91,right_hand,left_hand,0.6231933583052873,0.3768066416947126
9,92,left_hand,left_hand,0.7769609976264588,0.2230390023735412
9,93,right_hand,right_hand,0.2895657931558119,0.7104342068441881
9,94,right_hand,right_hand,0.0004068826172481,0.9995931173827518
9,95,left_hand,left_hand,0.798984035763561,0.2010159642364389
9,96,left_hand,left_hand,0.9690715483022584,0.0309284516977416
9,97,right_hand,right_hand,0.019272006827004,0.980727993172996
9,98,right_hand,left_hand,0.8842442499618259,0.115755750038174
9,99,left_hand,left_hand,0.7435669879386586,0.2564330120613414
9,100,left_hand,left_hand,0.9994747388116036,0.0005252611883963
9,101,right_hand,left_hand,0.663707396580256,0.3362926034197439
9,102,right_hand,left_hand,0.5006003324602917,0.4993996675397082
9,103,left_hand,right_hand,0.0033406261827678,0.996659373817232
9,104,left_hand,left_hand,0.7757166979434682,0.2242833020565318
9,105,right_hand,right_hand,0.2383643844547278,0.7616356155452721
9,106,left_hand,left_hand,0.9484082473299112,0.0515917526700888
9,107,right_hand,left_hand,0.8974873468095934,0.1025126531904065
9,108,right_hand,right_hand,0.006850251995307,0.9931497480046928
9,109,right_hand,right_hand,0.0006461851267312,0.9993538148732688
9,110,left_hand,left_hand,0.6468852272501273,0.3531147727498727
9,111,right_hand,left_hand,0.9298290265184264,0.0701709734815737
9,112,right_hand,right_hand,0.000756713391431,0.999243286608569
9,113,left_hand,right_hand,0.4703782322372394,0.5296217677627606
9,114,left_hand,right_hand,0.1937577274560009,0.806242272543999
9,115,left_hand,left_hand,0.9975405145675074,0.0024594854324926
9,116,right_hand,right_hand,0.0475032892101626,0.9524967107898372
9,117,left_hand,left_hand,0.881230021781114,0.1187699782188859
9,118,left_hand,left_hand,0.5450213235277818,0.4549786764722182
9,119,right_hand,right_hand,0.0798071229931415,0.9201928770068584
9,120,left_hand,right_hand,0.1213178273574926,0.8786821726425074
9,121,left_hand,left_hand,0.9573978352078192,0.0426021647921809
9,122,left_hand,left_hand,0.9909816243925872,0.0090183756074126
9,123,right_hand,right_hand,0.4064632162079094,0.5935367837920906
9,124,right_hand,right_hand,0.0225495466274588,0.9774504533725412
9,125,right_hand,right_hand,0.198502326445666,0.801497673554334
9,126,right_hand,right_hand,0.0649902194349992,0.9350097805650008
9,127,left_hand,left_hand,0.9850078061535688,0.0149921938464312
9,128,right_hand,right_hand,0.095935584427457,0.9040644155725428
9,129,left_hand,left_hand,0.8514160081447295,0.1485839918552705
9,130,right_hand,left_hand,0.986469933318716,0.0135300666812841
9,131,left_hand,left_hand,0.8180582412172629,0.181941758782737
9,132,left_hand,left_hand,0.9828600279325852,0.0171399720674148
9,133,right_hand,right_hand,0.1191702953564965,0.8808297046435034
9,134,left_hand,right_hand,0.1003405422401492,0.8996594577598508
9,135,right_hand,right_hand,0.0143954747774805,0.9856045252225194
9,136,right_hand,right_hand,0.0899410985482812,0.9100589014517187
9,137,left_hand,left_hand,0.9981000861257152,0.0018999138742849
9,138,left_hand,left_hand,0.9369104507613716,0.0630895492386285
9,139,right_hand,right_hand,0.0128160878563825,0.9871839121436174
9,140,left_hand,left_hand,0.997911280790122,0.0020887192098778
9,141,right_hand,right_hand,0.0008648667971085,0.9991351332028916
9,142,left_hand,right_hand,0.2748715270389479,0.7251284729610521
9,143,right_hand,right_hand,0.0393506008247646,0.9606493991752354
